model,F_ref,lambda,T_eq,epsilon,kappa_pde,h_ml_pde,F_ref_unc,lambda_unc,T_eq_unc,epsilon_unc
CCSM3,3.4759398790525085,0.5849943001784439,5.941835464024563,0.001,0.0009999999999999998,299.9999999999994,0.20281962292675038,0.05714219116769749,0.27109352676168036,0.16809553550780082
CESM1,3.49515961528856,0.5925517607653721,5.898488278515993,0.5524281707739,4.432959346439948e-05,1.0000000000000002,0.1412664654258647,0.03460361763066749,0.21284496725122232,0.09299626688094739
CNRMCM6,8.749165449642776,0.8943359959402111,9.782861798428254,1.185947813609253,5.0364174828862664e-05,1.0000000000000033,0.09575760619687791,0.015741193544032136,0.2573246431736894,0.11680259162923237
ECHAM5,4.1411544292272655,0.3859092865587337,10.730901207781638,0.6193055975542185,4.197797605330662e-05,1.0000000000001386,0.18721651825533261,0.030214616022348276,0.5670235072630155,0.19738485032877046
GISSE2R,4.152628048470576,0.9177820351387822,4.52463426988156,0.6609135216745661,8.43493702013454e-05,1.0000000000000002,0.1664165349687091,0.05402812697867573,0.17675024068937256,0.0697379833931704
IPSLCM5A,3.184506455236095,0.38725536635346536,8.223272630725672,0.5074999289314643,4.2940306357852246e-05,1.0000000000125675,0.11795030105721135,0.022882759677732636,0.2814076365211612,0.19452658380198617
HadGEM2,7.634412406744165,0.8551176930770342,8.927908366943836,1.247645598229336,3.2628821653548104e-05,1.0000000000004905,0.1352297487742798,0.02391968913623265,0.38820426791471585,0.18154320810235638
MPIESM11,8.562173348378,1.4212236975049486,6.024507868402037,1.0425854534273915,5.2098634556085745e-05,1.0000000000001708,0.14496305653549071,0.03280366843058726,0.18051128459040464,0.08462746432774587
