model,tau,F_ref,lambda,T_eq,a_f,a_s,epsilon,kappa_pde,h_ml_pde,tau_unc,F_ref_unc,lambda_unc,T_eq_unc,epsilon_unc
GISSE2R,,4.133415499306009,0.9081217979193136,4.551609166057329,,,0.66533501400264,8.449132695193699e-05,1.0000000000000002,,0.1664165349687091,0.05402812697867573,0.17675024068937256,0.06665524239884311
HadGEM2,,7.621946329555515,0.8537336848728185,8.927779780284718,,,1.2455984296532898,3.2627797195310264e-05,1.000000000000011,,0.1352297487742798,0.02391968913623265,0.38820426791471585,0.18148764382145294
