model,F_ref,lambda,T_eq,epsilon,kappa_pde,h_ml_pde,F_ref_unc,lambda_unc,T_eq_unc,epsilon_unc
CCSM3,4.276200527222709,0.8029738409508635,5.325454341275837,0.7884596999919522,5.63533355430339e-05,1.0000000000000002,0.0673459403269581,0.014177387832605687,0.10528351841026541,0.05503698389135146
CESM1,2.2693819814367435,0.34076335771423144,6.659700727975209,0.6060914932451712,1.5319486326176365e-05,18.578454908311937,0.03963982183251859,0.006307330257060354,0.08974159849055725,0.0753356785582193
CNRMCM6,3.3435880840184478,0.2941948797658915,11.365215080150755,0.6566295332306044,6.234439537796284e-05,1.0000000000000002,0.07450280777347391,0.008832263538860949,0.25831008508613723,0.14415368562920286
ECHAM5,4.632986890294386,0.3891419615494724,11.905647162405499,0.8106481955524042,4.244262018915559e-05,1.0000000000000002,0.0982272335951938,0.011000450737836029,0.35327063954297716,0.1336464307172632
GISSE2R,4.778704818676211,0.99779782683912,4.789251579966314,0.9552446837194237,4.5407170480531114e-05,4.1426863246049574,0.05349458053787416,0.011645834161163281,0.07300453178024488,0.042156802727866795
IPSLCM5A,6.695286068834955,0.7910746635633722,8.463532429007698,1.0284113894028806,6.378919518141485e-05,1.0000000000000002,0.10947509502387535,0.01631829396084703,0.31235950623482195,0.011253572409739307
HadGEM2,3.976536051017888,0.42219756796007524,9.418661671196377,0.713765405443298,3.996162634873158e-05,1.0000000000000013,0.08401357694045351,0.011024792358353679,0.2267527169748423,0.11857184717052983
MPIESM11,5.327671599211467,0.7769528808688665,6.857136037971223,0.8626372185208492,2.8983407153087226e-05,47.769261139364254,0.031037825511602658,0.004756949742590303,0.0534222771792228,0.058170163889576194
